CHR,BP,SNP,BETA,SE,P
chr17,39765489,rs907091,0.1698578,0.01342785,1.12e-36
chr17,39820216,rs9303277,-0.1736664,0.01300858,1.18e-40
chr17,39909987,rs2290400,-0.1786045,0.01303815,1.03e-42
chr17,39917793,rs9303281,0.1782469,0.0130839,2.91e-42
chr17,39918265,rs7219923,0.1783244,0.01308714,2.81e-42
chr17,39919173,rs7224129,0.178612,0.01309857,2.4499999999999997e-42
